Sensor,Característica,Min_global,Max_global,Media_global,Std_global,Mediana_global,IQR_global,Min_NoStress,Max_NoStress,Media_NoStress,Std_NoStress,Min_Stress,Max_Stress,Media_Stress,Std_Stress
ECG (chest),c_ECG_mean,-0.002873,0.004007,0.001099,0.000508,0.001138,0.000521,-0.000849,0.004007,0.001138,0.000412,-0.002873,0.003501,0.001007,0.000675
ECG (chest),c_ECG_std,0.10971,0.476084,0.263248,0.064395,0.267424,0.068638,0.10971,0.352641,0.2493,0.048569,0.127413,0.476084,0.296048,0.082664
ECG (chest),c_ECG_min,-1.5,-0.213089,-0.633074,0.243988,-0.576141,0.340027,-1.499405,-0.213089,-0.576398,0.193099,-1.5,-0.251907,-0.766343,0.294492
ECG (chest),c_ECG_max,0.769455,1.499954,1.427081,0.188991,1.499222,0.002975,0.769455,1.499954,1.426165,0.192742,0.843704,1.499954,1.429236,0.180144
ECG (chest),c_ECG_median,-0.111649,0.037033,-0.026376,0.022,-0.027054,0.02314,-0.061203,0.037033,-0.025844,0.022119,-0.111649,0.011856,-0.027626,0.021702
ECG (chest),c_ECG_range,1.043427,2.999451,2.060155,0.337799,2.038147,0.337601,1.043427,2.915131,2.002563,0.300825,1.210052,2.999451,2.195579,0.37931
ECG (chest),c_ECG_kurtosis,3.285136,32.647249,15.317211,6.069802,15.015882,7.90326,3.396506,32.647249,17.122016,5.757352,3.285136,24.965201,11.073324,4.462492
ECG (chest),c_ECG_skewness,-0.936832,5.418025,3.123762,1.201608,3.432102,1.71576,-0.936832,5.418025,3.362731,1.227702,0.461834,4.662481,2.56184,0.920693
ECG (chest),c_ECG_q25,-0.33403,-0.016537,-0.098822,0.046821,-0.089172,0.046062,-0.146896,-0.016537,-0.085912,0.02825,-0.33403,-0.035934,-0.129179,0.064543
ECG (chest),c_ECG_q75,-0.004349,0.186916,0.037904,0.032661,0.027843,0.040192,-0.004349,0.099346,0.027969,0.024287,0.008286,0.186916,0.061265,0.037594
ECG (chest),c_ECG_iqr,0.04501,0.520947,0.136726,0.069459,0.130463,0.062897,0.04501,0.215195,0.113881,0.036837,0.077133,0.520947,0.190444,0.094249
ECG (chest),c_ECG_rms,0.109718,0.476085,0.263252,0.064393,0.267426,0.068636,0.109718,0.352641,0.249303,0.048567,0.127418,0.476085,0.296051,0.082662
ECG (chest),c_ECG_zcr,0.008524,0.047762,0.018349,0.006553,0.016619,0.008333,0.008524,0.047762,0.017162,0.006271,0.011333,0.042714,0.021142,0.00636
ECG (chest),c_ECG_peak_freq,0.3,18.066667,3.686686,3.19936,2.35,3.65,0.366667,16.883333,3.379937,2.963417,0.3,18.066667,4.407987,3.598645
ECG (chest),c_ECG_spectral_energy,252.762784,4759.778435,1542.291641,730.95089,1501.831983,763.334728,252.762784,2611.463511,1354.625166,466.030275,340.917185,4759.778435,1983.577665,1002.292529
ECG (chest),c_ECG_spectral_entropy,8.201174,10.30777,9.770396,0.369181,9.873511,0.394675,8.26525,10.303905,9.777363,0.371299,8.201174,10.30777,9.754015,0.364215
ECG (chest),c_ECG_hr_mean,50.798258,108.571292,76.232262,11.970881,74.718723,16.422931,50.798258,106.129521,72.413009,10.811964,67.689791,108.571292,85.212996,9.520499
ECG (chest),c_ECG_hr_std,2.326359,27.835557,7.878892,4.504263,6.58173,3.405544,2.326359,18.146364,6.164709,2.068911,3.901569,27.835557,11.909684,5.901995
ECG (chest),c_ECG_rr_mean,0.552632,1.181143,0.806676,0.127516,0.803012,0.171254,0.565347,1.181143,0.846668,0.123701,0.552632,0.886397,0.712637,0.076978
ECG (chest),c_ECG_rr_std,0.014396,0.273851,0.081097,0.040058,0.070587,0.042912,0.014396,0.187202,0.071753,0.02836,0.027851,0.273851,0.10307,0.052962
ECG (chest),c_ECG_rmssd,0.005095,0.271137,0.065919,0.046485,0.051384,0.047265,0.005095,0.177731,0.055013,0.031124,0.011558,0.271137,0.091564,0.063528
ECG (chest),c_ECG_pnn50,0.0,0.773585,0.26033,0.190713,0.222222,0.298293,0.0,0.773585,0.266594,0.203393,0.0,0.7375,0.245602,0.156222
EDA (chest),c_EDA_mean,0.582896,19.969665,4.594838,3.438642,3.719873,4.335549,0.582896,12.954057,4.024611,2.959714,1.192099,19.969665,5.935691,4.063295
EDA (chest),c_EDA_std,0.007825,1.767125,0.053585,0.098911,0.019259,0.032892,0.007825,0.433464,0.029544,0.040178,0.0095,1.767125,0.110115,0.156493
EDA (chest),c_EDA_min,0.0,19.680405,4.351342,3.402624,3.518677,4.354477,0.445175,12.770844,3.823864,2.952091,0.0,19.680405,5.591675,4.019931
EDA (chest),c_EDA_max,0.737762,20.433426,4.80091,3.519716,3.871536,4.354858,0.737762,13.130569,4.172114,2.975777,1.351929,20.433426,6.279485,4.198274
EDA (chest),c_EDA_median,0.575256,19.923782,4.59016,3.436143,3.720093,4.336929,0.575256,12.956619,4.022802,2.960349,1.179886,19.923782,5.924266,4.058276
EDA (chest),c_EDA_range,0.128937,9.41925,0.449568,0.505238,0.3479,0.183105,0.128937,1.412201,0.34825,0.14827,0.159836,9.41925,0.687811,0.851167
EDA (chest),c_EDA_kurtosis,-1.720642,109.60546,3.770291,7.800874,1.514604,5.50423,-1.447449,71.597489,4.409028,7.175123,-1.720642,109.60546,2.268341,8.938662
EDA (chest),c_EDA_skewness,-6.512964,4.167993,0.560894,0.704345,0.45613,0.874839,-2.102795,2.6515,0.597334,0.599185,-6.512964,4.167993,0.475208,0.900068
EDA (chest),c_EDA_q25,0.555038,19.874954,4.553755,3.411784,3.702164,4.34227,0.555038,12.914658,4.001502,2.949317,1.171112,19.874954,5.852344,4.024498
EDA (chest),c_EDA_q75,0.606537,20.013046,4.631743,3.466237,3.735733,4.302216,0.606537,13.009262,4.045042,2.970524,1.199722,20.013046,6.011333,4.104718
EDA (chest),c_EDA_iqr,0.009155,3.281021,0.077988,0.165048,0.025177,0.053406,0.009155,0.833511,0.043541,0.068344,0.009918,3.281021,0.158988,0.266678
EDA (chest),c_EDA_rms,0.583856,19.970176,4.595724,3.439297,3.719917,4.326652,0.583856,12.954238,4.024868,2.959784,1.192538,19.970176,5.938055,4.06434
EDA (chest),c_EDA_zcr,0.000167,0.642333,0.172445,0.157554,0.134786,0.23119,0.000643,0.642333,0.21531,0.160745,0.000167,0.511405,0.071653,0.089355
EDA (chest),c_EDA_peak_freq,0.016667,0.266667,0.021131,0.014153,0.016667,0.0,0.016667,0.266667,0.020222,0.012947,0.016667,0.133333,0.023269,0.016475
EDA (chest),c_EDA_spectral_energy,1.285803,65577.330895,265.552744,2378.245297,7.788643,41.500839,1.285803,3945.719478,52.183635,218.33219,1.89528,65577.330895,767.27691,4304.219174
EDA (chest),c_EDA_spectral_entropy,1.048432,13.736684,6.831514,3.906668,5.964268,6.620393,1.431405,13.736684,7.973271,3.910454,1.048432,12.693541,4.146745,2.221484
EDA (chest),c_EDA_scl_mean,0.582728,19.971281,4.594865,3.438657,3.719909,4.335642,0.582728,12.954775,4.024725,2.959841,1.192922,19.971281,5.935513,4.063216
EDA (chest),c_EDA_scl_std,0.000582,1.760819,0.043247,0.09208,0.014592,0.033653,0.000582,0.430645,0.02327,0.04031,0.001445,1.760819,0.090221,0.146618
EDA (chest),c_EDA_scr_mean,-0.014935,0.023043,-2.6e-05,0.001918,-3e-06,0.000776,-0.004512,0.00712,-0.000114,0.000733,-0.014935,0.023043,0.000178,0.003321
EDA (chest),c_EDA_scr_std,0.006684,0.387031,0.022858,0.032549,0.012597,0.0072,0.006684,0.093789,0.012907,0.007494,0.0076,0.387031,0.046258,0.051415
EDA (chest),c_EDA_scr_num_peaks,770.0,10493.0,5986.462345,2128.456943,5701.0,3478.0,1570.0,10493.0,6603.949728,1999.071777,770.0,8853.0,4534.479233,1669.868101
EDA (chest),c_EDA_deriv_mean,-5.4e-05,9e-05,0.0,6e-06,0.0,2e-06,-2.4e-05,3.2e-05,-1e-06,4e-06,-5.4e-05,9e-05,3e-06,1e-05
EDA (chest),c_EDA_deriv_std,0.004637,0.053041,0.012815,0.005572,0.012055,0.007504,0.004637,0.027786,0.013378,0.005332,0.004789,0.053041,0.011493,0.0059
EMG (chest),c_EMG_mean,-0.006291,0.002445,-0.00296,0.00091,-0.002973,0.000967,-0.004284,-0.001917,-0.002969,0.000572,-0.006291,0.002445,-0.002938,0.001419
EMG (chest),c_EMG_std,0.006859,0.073177,0.013138,0.005654,0.011598,0.005249,0.006859,0.03592,0.012745,0.004441,0.007332,0.073177,0.014062,0.007727
EMG (chest),c_EMG_min,-1.5,-0.041245,-0.11945,0.095851,-0.092606,0.072968,-0.402878,-0.041245,-0.115699,0.072224,-1.5,-0.042526,-0.128268,0.13587
EMG (chest),c_EMG_max,0.022842,1.04718,0.115268,0.099821,0.082077,0.093109,0.022842,0.792526,0.111887,0.094317,0.025085,1.04718,0.123217,0.11146
EMG (chest),c_EMG_median,-0.004807,0.002838,-0.002619,0.001064,-0.002609,0.001328,-0.004807,-0.001144,-0.002623,0.000837,-0.00444,0.002838,-0.002611,0.001467
EMG (chest),c_EMG_range,0.066605,1.982162,0.234717,0.183495,0.175873,0.16571,0.066605,1.108978,0.227586,0.159753,0.067886,1.982162,0.251485,0.229291
EMG (chest),c_EMG_kurtosis,0.095681,384.442971,6.557525,21.973753,2.208988,3.83387,0.099499,140.888574,5.935348,12.849332,0.095681,384.442971,8.020536,35.069307
EMG (chest),c_EMG_skewness,-18.352417,5.605585,-0.189296,0.930418,-0.248934,0.433133,-1.688479,5.605585,-0.163594,0.593278,-18.352417,1.708431,-0.249731,1.439925
EMG (chest),c_EMG_q25,-0.023758,-0.002518,-0.010194,0.002677,-0.009705,0.002975,-0.023117,-0.006454,-0.010067,0.002412,-0.023758,-0.002518,-0.010491,0.003198
EMG (chest),c_EMG_q75,0.000412,0.018631,0.004583,0.002566,0.004074,0.002197,0.000412,0.01593,0.004446,0.002131,0.000595,0.018631,0.004905,0.003357
EMG (chest),c_EMG_iqr,0.008698,0.041439,0.014777,0.00486,0.013458,0.004761,0.008698,0.039047,0.014513,0.004329,0.009155,0.041439,0.015397,0.005886
EMG (chest),c_EMG_rms,0.007546,0.073441,0.013531,0.005574,0.012068,0.005223,0.007546,0.036055,0.013123,0.004369,0.007981,0.073441,0.014492,0.007619
EMG (chest),c_EMG_zcr,0.235048,0.540286,0.352217,0.052722,0.34619,0.063762,0.235048,0.540286,0.347913,0.052621,0.261929,0.538143,0.362336,0.051644
EMG (chest),c_EMG_peak_freq,0.266667,199.716667,42.280267,23.41981,39.266667,32.15,9.083333,199.716667,44.016803,22.05393,0.266667,199.316667,38.196912,25.93695
EMG (chest),c_EMG_spectral_energy,0.98788,112.451484,4.295449,6.251246,2.82502,2.736567,0.98788,27.094658,3.824677,3.036404,1.128802,112.451484,5.40244,10.382219
EMG (chest),c_EMG_spectral_entropy,10.050036,13.692284,13.091847,0.265275,13.087887,0.331235,12.392856,13.630507,13.088338,0.226507,10.050036,13.692284,13.100098,0.339725
EMG (chest),c_EMG_mav,0.005748,0.033203,0.009893,0.00338,0.008909,0.003527,0.005748,0.026205,0.00965,0.002979,0.005975,0.033203,0.010464,0.004123
EMG (chest),c_EMG_var,4.7e-05,0.005355,0.000205,0.000298,0.000135,0.00013,4.7e-05,0.00129,0.000182,0.000145,5.4e-05,0.005355,0.000257,0.000494
EMG (chest),c_EMG_wl,215.046249,1152.911362,393.459319,114.32043,371.27536,110.889771,215.046249,960.537415,383.088101,101.884701,260.959808,1152.911362,417.846591,136.361835
RESP (chest),c_RESP_mean,-0.640286,0.650433,0.053723,0.097418,0.05401,0.071588,-0.341455,0.405329,0.055981,0.075982,-0.640286,0.650433,0.048416,0.135044
RESP (chest),c_RESP_std,0.233756,9.662038,3.271277,1.493531,2.934087,1.887996,0.233756,7.5882,2.764738,1.09973,1.286176,9.662038,4.462371,1.617109
RESP (chest),c_RESP_min,-50.0,-1.002502,-8.94434,5.286451,-7.627869,6.391907,-25.318909,-1.002502,-7.912026,4.483129,-50.0,-3.627014,-11.371761,6.172465
RESP (chest),c_RESP_max,0.761414,37.886047,10.242895,6.233827,8.576965,7.165527,0.761414,32.363892,8.237584,4.549115,3.601074,37.886047,14.958259,7.070249
RESP (chest),c_RESP_median,-2.593231,0.901794,-0.355807,0.405597,-0.309753,0.408936,-1.148987,0.644684,-0.26742,0.250196,-2.593231,0.901794,-0.563644,0.58596
RESP (chest),c_RESP_range,1.763916,66.308594,19.187235,10.714511,16.716003,14.234924,1.763916,53.132629,16.14961,8.622086,7.565308,66.308594,26.33002,11.72751
RESP (chest),c_RESP_kurtosis,-1.454317,19.795186,0.786635,2.248469,0.118211,2.157059,-1.454317,19.795186,0.653853,2.415552,-0.949753,14.533945,1.098862,1.759722
RESP (chest),c_RESP_skewness,-1.770891,2.989184,0.257634,0.531996,0.273337,0.465929,-1.770891,2.989184,0.140671,0.492043,-1.762315,1.726331,0.532664,0.521685
RESP (chest),c_RESP_q25,-6.207275,-0.115967,-2.087978,0.844965,-1.93634,0.930786,-4.029846,-0.115967,-1.789518,0.577766,-6.207275,-0.679016,-2.78979,0.952655
RESP (chest),c_RESP_q75,0.250244,5.037308,2.165142,0.702104,2.095032,0.816345,0.250244,4.295349,2.046068,0.637375,0.721741,5.037308,2.445136,0.765954
RESP (chest),c_RESP_iqr,0.366211,10.45723,4.25312,1.46757,4.074097,1.6922,0.366211,7.748413,3.835586,1.190498,1.617432,10.45723,5.234926,1.586616
RESP (chest),c_RESP_rms,0.243876,9.662875,3.273028,1.493835,2.937458,1.89002,0.243876,7.588787,2.766355,1.099711,1.286696,9.662875,4.464439,1.617747
RESP (chest),c_RESP_zcr,0.001071,0.067167,0.005671,0.004725,0.004667,0.002714,0.001071,0.067167,0.006182,0.005383,0.001214,0.013833,0.004469,0.002155
RESP (chest),c_RESP_peak_freq,0.05,0.55,0.236908,0.078675,0.25,0.133333,0.05,0.4,0.260711,0.06435,0.05,0.55,0.180937,0.080974
RESP (chest),c_RESP_spectral_energy,1147.472198,1960454.403489,271524.963453,266388.713805,180786.233889,249328.1307,1147.472198,1209196.38991,185882.342936,157563.049113,34739.239382,1960454.403489,472908.250035,349128.39804
RESP (chest),c_RESP_spectral_entropy,0.878646,6.17061,3.906692,0.618682,4.022769,0.705559,0.878646,6.17061,3.737619,0.6327,3.383857,5.446816,4.304256,0.341577
RESP (chest),c_RESP_rate_mean,22.407062,36.770428,31.946528,2.023194,32.198558,2.106337,22.407062,36.770428,31.986723,2.184275,26.546091,35.124831,31.852013,1.580204
RESP (chest),c_RESP_rate_std,1.321169,8.430318,6.718093,0.776332,6.767326,0.934301,1.321169,8.430318,6.683399,0.857948,5.261623,8.12079,6.799673,0.529988
RESP (chest),c_RESP_insp_time,1.631746,2.677727,1.88662,0.135307,1.863437,0.122382,1.631746,2.677727,1.88583,0.148802,1.708193,2.26022,1.888477,0.096591
TEMP (chest),c_TEMP_mean,28.201851,35.630978,33.764946,1.324771,34.126209,0.980728,28.201851,35.082088,33.596416,1.40211,31.063196,35.630978,34.161247,1.019445
TEMP (chest),c_TEMP_std,0.016181,13.619153,0.071667,0.598752,0.032184,0.01448,0.016181,1.748421,0.044153,0.098407,0.017178,13.619153,0.136364,1.084163
TEMP (chest),c_TEMP_min,-273.149994,35.510071,33.025955,13.456249,34.005676,0.98349,28.045258,34.952545,33.441509,1.436999,-273.149994,35.510071,32.048801,24.535318
TEMP (chest),c_TEMP_max,28.414581,35.778046,33.971401,1.293751,34.312317,0.961761,28.414581,35.233856,33.801388,1.36688,31.245789,35.778046,34.37117,0.996139
TEMP (chest),c_TEMP_median,28.19342,35.640808,33.769039,1.328591,34.127594,0.983856,28.19342,35.089966,33.599396,1.407185,31.059265,35.640808,34.167938,1.018215
TEMP (chest),c_TEMP_range,0.210236,306.941376,0.945445,13.382915,0.319183,0.10025,0.210236,5.479279,0.35988,0.29697,0.220825,306.941376,2.322365,24.467974
TEMP (chest),c_TEMP_kurtosis,-1.661053,500.967987,2.087738,21.937979,0.777028,1.391684,-1.661053,20.378874,1.341507,2.598922,-1.469634,500.967987,3.842454,39.953419
TEMP (chest),c_TEMP_skewness,-22.426296,2.769979,-0.272021,1.12923,-0.321966,0.642265,-1.798594,2.769979,-0.190668,0.573419,-22.426296,2.728004,-0.463317,1.859115
TEMP (chest),c_TEMP_q25,28.167755,35.622131,33.735909,1.338372,34.106201,0.989624,28.167755,35.065277,33.567631,1.41857,31.043121,35.622131,34.131588,1.025796
TEMP (chest),c_TEMP_q75,28.226196,35.65329,33.80051,1.317516,34.154999,0.971954,28.226196,35.106995,33.629425,1.393566,31.081268,35.65329,34.202805,1.012074
TEMP (chest),c_TEMP_iqr,0.014771,2.881683,0.064605,0.153154,0.039276,0.031494,0.014771,2.881683,0.061793,0.17002,0.019226,1.390945,0.071217,0.103091
TEMP (chest),c_TEMP_rms,28.201885,35.630993,33.770271,1.326192,34.128983,0.981377,28.201885,35.082108,33.5966,1.401865,31.063204,35.630993,34.178658,1.019623
TEMP (chest),c_TEMP_zcr,4.8e-05,0.5355,0.293794,0.130357,0.312429,0.197,0.001976,0.5355,0.301614,0.126125,4.8e-05,0.5165,0.275404,0.13828
TEMP (chest),c_TEMP_slope,-0.000114,0.000139,1e-06,7e-06,1e-06,2e-06,-0.000114,0.000139,1e-06,8e-06,-2.7e-05,5.9e-05,1e-06,6e-06
TEMP (chest),c_TEMP_deriv_mean,-8.9e-05,0.000127,1e-06,7e-06,1e-06,3e-06,-8.9e-05,0.000127,1e-06,7e-06,-2.6e-05,4.9e-05,1e-06,5e-06
TEMP (chest),c_TEMP_deriv_std,0.009297,1.496971,0.020152,0.064674,0.017671,0.004617,0.009297,0.024514,0.016965,0.00344,0.009849,1.496971,0.027647,0.118073
ACC (chest),c_ACC_x_mean,0.265624,0.916237,0.804054,0.128902,0.856708,0.171269,0.265624,0.915733,0.78573,0.1409,0.623914,0.916237,0.847141,0.079932
ACC (chest),c_ACC_x_std,0.002595,0.333887,0.015897,0.021701,0.010196,0.01048,0.002595,0.218282,0.01346,0.018621,0.006459,0.333887,0.021627,0.026796
ACC (chest),c_ACC_x_min,-6.6,0.899,0.709505,0.344442,0.7592,0.161,0.2346,0.899,0.723181,0.14213,-6.6,0.8714,0.677348,0.591136
ACC (chest),c_ACC_x_max,0.2914,1.5534,0.903073,0.166396,0.9326,0.1718,0.2914,1.5534,0.866613,0.167927,0.707,1.4948,0.988805,0.126734
ACC (chest),c_ACC_x_median,0.265,0.9166,0.803603,0.130676,0.8568,0.1738,0.265,0.9166,0.785167,0.143025,0.6216,0.9164,0.846954,0.080507
ACC (chest),c_ACC_x_range,0.0232,7.7006,0.193568,0.358122,0.1338,0.1586,0.0232,0.9742,0.143433,0.133078,0.0582,7.7006,0.311458,0.60762
ACC (chest),c_ACC_x_kurtosis,-1.864105,499.018156,9.885061,27.079108,3.458933,8.351323,-1.864105,108.607931,8.535316,14.990269,-1.611368,499.018156,13.058901,43.809801
ACC (chest),c_ACC_x_skewness,-22.360909,8.748699,0.304191,1.618211,0.131999,1.058226,-5.764813,8.748699,0.345498,1.380496,-22.360909,5.99716,0.207061,2.071905
ACC (chest),c_ACC_x_q25,0.2606,0.9138,0.795566,0.13147,0.8462,0.175,0.2606,0.9138,0.777999,0.144059,0.6114,0.913,0.836874,0.082031
ACC (chest),c_ACC_x_q75,0.2698,0.925,0.811692,0.128942,0.8664,0.166,0.2698,0.9192,0.79248,0.140739,0.6342,0.925,0.856867,0.079163
ACC (chest),c_ACC_x_iqr,0.003,0.424,0.016126,0.026158,0.0098,0.0098,0.003,0.424,0.014481,0.029643,0.0068,0.1494,0.019994,0.014384
ACC (chest),c_ACC_x_rms,0.265717,0.955443,0.804532,0.128723,0.857096,0.166448,0.265717,0.915747,0.786128,0.140551,0.624258,0.955443,0.847808,0.080258
ACC (chest),c_ACC_x_zcr,7.1e-05,0.226357,0.073744,0.041573,0.071405,0.057524,7.1e-05,0.226357,0.082881,0.044108,0.000857,0.112524,0.052259,0.02371
ACC (chest),c_ACC_y_mean,-0.479734,0.202548,-0.031567,0.103414,-0.020485,0.079267,-0.479734,0.202548,-0.04221,0.115615,-0.143207,0.165874,-0.006543,0.059482
ACC (chest),c_ACC_y_std,0.002583,0.296808,0.022542,0.026448,0.014276,0.020003,0.002583,0.193348,0.021495,0.025914,0.00457,0.296808,0.025003,0.02755
ACC (chest),c_ACC_y_min,-6.6,0.1578,-0.140253,0.305184,-0.107,0.1126,-0.6222,0.1578,-0.126593,0.12424,-6.6,0.0532,-0.172373,0.524411
ACC (chest),c_ACC_y_max,-0.4426,0.5176,0.061688,0.134256,0.067,0.1244,-0.4426,0.409,0.036743,0.135902,-0.123,0.5176,0.120344,0.11007
ACC (chest),c_ACC_y_median,-0.4742,0.2132,-0.031127,0.1058,-0.0202,0.0804,-0.4742,0.2132,-0.041621,0.118447,-0.1432,0.1638,-0.006449,0.060645
ACC (chest),c_ACC_y_range,0.0224,6.9854,0.201941,0.323051,0.1516,0.158,0.0224,0.8092,0.163336,0.119176,0.0426,6.9854,0.292717,0.552547
ACC (chest),c_ACC_y_kurtosis,-1.920876,487.581856,6.536276,22.603639,2.837167,6.535095,-1.920876,68.180168,5.189583,8.36251,-1.498298,487.581856,9.702942,39.205886
ACC (chest),c_ACC_y_skewness,-21.977109,5.251429,-0.194665,1.701619,-0.019091,1.262043,-7.460352,5.251429,-0.161023,1.458265,-21.977109,4.569656,-0.273772,2.169646
ACC (chest),c_ACC_y_q25,-0.48,0.1982,-0.044055,0.104833,-0.0328,0.076,-0.48,0.1982,-0.054658,0.117114,-0.1672,0.153,-0.019125,0.060954
ACC (chest),c_ACC_y_q75,-0.469,0.24865,-0.018647,0.106406,-0.0098,0.082,-0.469,0.24865,-0.029417,0.118906,-0.1404,0.1836,0.006675,0.061697
ACC (chest),c_ACC_y_iqr,0.0032,0.3968,0.025408,0.040215,0.0132,0.0176,0.0032,0.3968,0.025241,0.045171,0.0056,0.1472,0.0258,0.025005
ACC (chest),c_ACC_y_rms,0.003944,0.480291,0.077207,0.083268,0.05308,0.05684,0.003944,0.480291,0.085587,0.094604,0.007034,0.297872,0.0575,0.040624
ACC (chest),c_ACC_y_zcr,7.1e-05,0.21619,0.057803,0.04445,0.048381,0.065786,7.1e-05,0.21619,0.061992,0.049059,0.00069,0.128381,0.047951,0.028775
ACC (chest),c_ACC_z_mean,-0.942175,0.649589,-0.345575,0.25885,-0.316919,0.374926,-0.942175,0.649589,-0.377594,0.266221,-0.707576,0.326,-0.270282,0.223595
ACC (chest),c_ACC_z_std,0.004229,0.370649,0.038443,0.04647,0.024206,0.030042,0.004229,0.370649,0.034914,0.048289,0.0111,0.296243,0.046741,0.040769
ACC (chest),c_ACC_z_min,-6.6,0.5338,-0.485692,0.362722,-0.4552,0.3476,-1.0328,0.5338,-0.476526,0.240506,-6.6,0.2274,-0.507247,0.552269
ACC (chest),c_ACC_z_max,-0.918,1.033,-0.169247,0.336078,-0.1324,0.473,-0.918,0.7862,-0.228514,0.332122,-0.6216,1.033,-0.029884,0.302931
ACC (chest),c_ACC_z_median,-0.9422,0.6524,-0.348811,0.261262,-0.3242,0.3716,-0.9422,0.6524,-0.380578,0.269166,-0.7102,0.337,-0.274113,0.224993
ACC (chest),c_ACC_z_range,0.038,7.4714,0.316446,0.405077,0.2236,0.2614,0.038,1.481,0.248012,0.216567,0.119,7.4714,0.477362,0.635337
ACC (chest),c_ACC_z_kurtosis,-1.955,488.699895,4.692579,22.430869,1.432687,3.42253,-1.955,74.225133,3.411753,7.055416,-1.906159,488.699895,7.70436,39.49443
ACC (chest),c_ACC_z_skewness,-22.01236,8.48083,0.513013,1.578504,0.259939,1.167241,-2.973041,8.48083,0.537028,1.260185,-22.01236,5.410496,0.456543,2.1503
ACC (chest),c_ACC_z_q25,-0.9454,0.6446,-0.369559,0.253183,-0.3474,0.3624,-0.9454,0.6446,-0.400281,0.259044,-0.721,0.3146,-0.29732,0.2231
ACC (chest),c_ACC_z_q75,-0.9394,0.6586,-0.326519,0.271178,-0.291,0.3862,-0.9394,0.6586,-0.360539,0.279816,-0.697,0.3534,-0.246524,0.231106
ACC (chest),c_ACC_z_iqr,0.0054,0.75425,0.04304,0.068538,0.0256,0.03045,0.0054,0.75425,0.039742,0.073631,0.0128,0.5132,0.050796,0.054043
ACC (chest),c_ACC_z_rms,0.018573,0.942187,0.371121,0.228727,0.330556,0.362427,0.022776,0.942187,0.402869,0.233823,0.018573,0.707974,0.296466,0.197387
ACC (chest),c_ACC_z_zcr,2.4e-05,0.212381,0.058224,0.044901,0.047524,0.052929,2.4e-05,0.212381,0.066074,0.050106,0.000119,0.102095,0.039767,0.019248
ACC (chest),c_ACC_mag_mean,0.903819,0.982927,0.930527,0.016704,0.925272,0.021731,0.903819,0.982927,0.932995,0.018486,0.904107,0.944959,0.924722,0.009164
ACC (chest),c_ACC_mag_std,0.002567,0.467476,0.010338,0.021093,0.007124,0.007314,0.002567,0.032345,0.006967,0.004533,0.005057,0.467476,0.018265,0.036827
ACC (chest),c_ACC_mag_min,0.570667,0.965318,0.854564,0.065388,0.86994,0.076679,0.570667,0.965318,0.872954,0.057592,0.590688,0.904665,0.811322,0.062241
ACC (chest),c_ACC_mag_max,0.923483,11.431535,1.040266,0.465214,0.99677,0.067411,0.923483,1.565696,1.000125,0.068712,0.948323,11.431535,1.134653,0.838512
ACC (chest),c_ACC_mag_median,0.90351,0.982932,0.930433,0.016969,0.925299,0.022321,0.903515,0.982932,0.932972,0.018757,0.90351,0.945087,0.924462,0.009351
ACC (chest),c_ACC_mag_range,0.024513,10.665352,0.185701,0.482163,0.120836,0.144148,0.024513,0.955036,0.127171,0.117585,0.058257,10.665352,0.323331,0.84926
ACC (chest),c_ACC_mag_kurtosis,-0.983198,500.022673,15.666806,31.472615,6.376205,14.626712,-0.983198,212.338564,15.087935,23.642956,0.822256,500.022673,17.027986,44.806815
ACC (chest),c_ACC_mag_skewness,-4.425105,22.394636,0.255864,1.401263,0.098771,0.59994,-4.425105,8.98135,0.169217,1.055312,-2.568397,22.394636,0.459607,1.978015
ACC (chest),c_ACC_mag_q25,0.893558,0.980497,0.926293,0.017574,0.92166,0.023065,0.901058,0.980497,0.929849,0.018762,0.893558,0.939884,0.917932,0.010405
ACC (chest),c_ACC_mag_q75,0.906013,0.985425,0.934606,0.016457,0.929985,0.021686,0.906013,0.985425,0.936123,0.018559,0.913254,0.950525,0.93104,0.008948
ACC (chest),c_ACC_mag_iqr,0.003232,0.043647,0.008313,0.005389,0.00606,0.004365,0.003232,0.043647,0.006273,0.003839,0.005447,0.032481,0.013107,0.005472
ACC (chest),c_ACC_mag_rms,0.903852,1.043312,0.930811,0.017381,0.925409,0.021713,0.903852,0.982934,0.933033,0.01848,0.904359,1.043312,0.925586,0.013086
ACC (chest),c_ACC_mag_zcr,0.003333,0.238786,0.132813,0.0545,0.136714,0.089881,0.003333,0.238786,0.154871,0.047557,0.005857,0.165571,0.080945,0.028319
ACC (chest),c_ACC_mag_peak_freq,0.016667,23.5,3.477804,3.537416,3.733333,5.966667,0.016667,18.766667,2.895199,3.263523,0.016667,23.5,4.847764,3.775986
ACC (chest),c_ACC_mag_spectral_energy,0.138395,4589.214381,11.578985,200.205326,1.0657,2.557976,0.138395,21.970472,1.45025,2.529187,0.536968,4589.214381,35.396073,365.798905
ACC (chest),c_ACC_mag_spectral_entropy,3.031226,12.002823,9.795663,1.197901,9.826197,1.464104,3.031226,12.002823,9.938124,1.361605,8.12192,10.944895,9.460674,0.540408
BVP (wrist),w_BVP_mean,-3.232135,7.074826,0.004546,0.440404,0.001771,0.205104,-3.232135,2.530948,0.000878,0.331635,-2.428344,7.074826,0.013172,0.626334
BVP (wrist),w_BVP_std,3.02276,294.63859,50.487212,39.363463,39.042411,39.922903,3.653022,217.953509,44.321614,29.348224,3.02276,294.63859,64.985232,53.619607
BVP (wrist),w_BVP_min,-1617.86,-10.16,-298.806454,249.122345,-226.31,279.52,-1319.66,-10.58,-273.906399,225.486989,-1617.86,-10.16,-357.35738,289.456474
BVP (wrist),w_BVP_max,8.27,1789.0,266.785786,223.058784,211.71,224.49,8.27,1405.45,240.20269,190.373325,9.38,1789.0,329.294281,275.97443
BVP (wrist),w_BVP_median,-5.8,17.495,3.575724,3.169386,2.91,4.02,-4.37,17.495,4.295027,3.007307,-5.8,16.6,1.884329,2.888786
BVP (wrist),w_BVP_range,19.11,3406.86,565.59224,453.105832,437.58,515.71,19.11,2630.26,514.10909,398.866036,21.1,3406.86,686.651661,542.097783
BVP (wrist),w_BVP_kurtosis,-1.070011,134.194174,9.833116,12.841608,5.756834,9.644206,-1.070011,88.824011,10.145904,12.752886,-0.325856,134.194174,9.097614,13.038845
BVP (wrist),w_BVP_skewness,-8.728829,4.323681,-0.447006,1.008043,-0.399182,0.8098,-6.198769,4.002363,-0.493045,1.024071,-8.728829,4.323681,-0.33875,0.962251
BVP (wrist),w_BVP_q25,-150.935,-1.1025,-21.527912,17.635352,-17.285,15.935,-83.785,-2.6,-19.381773,11.079761,-150.935,-1.1025,-26.574425,26.81509
BVP (wrist),w_BVP_q75,1.62,160.455,22.41897,19.252939,17.25,16.2725,2.8125,106.2625,19.737904,11.584515,1.62,160.455,28.723331,29.531585
BVP (wrist),w_BVP_iqr,2.7225,310.2775,43.946883,36.75134,34.7325,32.34,5.4125,190.0475,39.119677,22.505357,2.7225,310.2775,55.297756,56.208856
BVP (wrist),w_BVP_rms,3.02276,294.639152,50.488254,39.364589,39.04243,39.926681,3.653053,217.977473,44.322488,29.348775,3.02276,294.639152,64.986668,53.621521
BVP (wrist),w_BVP_zcr,0.026042,0.075,0.040656,0.007418,0.039062,0.007292,0.028125,0.069792,0.038491,0.005358,0.026042,0.075,0.045748,0.008951
BVP (wrist),w_BVP_peak_freq,0.25,2.55,0.994805,0.304433,1.016667,0.4,0.35,1.683333,1.029484,0.243496,0.25,2.55,0.913259,0.402648
BVP (wrist),w_BVP_spectral_energy,17543.186249,166678844.744647,7866169.930769,14942050.42635,2926674.966356,6892494.305033,25621.578466,91207164.09384,5423142.343893,7987773.005516,17543.186249,166678844.744647,13610797.09991,23504180.057965
BVP (wrist),w_BVP_spectral_entropy,2.468307,7.563111,6.40837,0.576747,6.525253,0.526739,2.468307,7.563111,6.283484,0.617337,5.490517,7.470622,6.702031,0.310189
EDA (wrist),w_EDA_mean,0.094317,15.611939,1.962806,2.660052,0.846225,2.350112,0.094317,8.407699,1.330871,1.724293,0.30677,15.611939,3.448761,3.688682
EDA (wrist),w_EDA_std,0.001212,1.348292,0.062151,0.105359,0.020693,0.068663,0.001212,1.348292,0.037802,0.08377,0.002172,0.853266,0.119406,0.126758
EDA (wrist),w_EDA_min,0.074584,14.354395,1.823307,2.461952,0.760028,2.170737,0.074584,7.822742,1.248851,1.621882,0.291936,14.354395,3.174106,3.399063
EDA (wrist),w_EDA_max,0.101492,15.921474,2.107136,2.808444,0.980183,2.584239,0.101492,9.10321,1.411993,1.829044,0.321359,15.921474,3.741721,3.846049
EDA (wrist),w_EDA_median,0.095085,15.703362,1.96135,2.665077,0.836125,2.353974,0.095085,8.201182,1.329866,1.723024,0.30217,15.703362,3.446244,3.702846
EDA (wrist),w_EDA_range,0.006406,4.589171,0.283828,0.4594,0.098502,0.285766,0.006406,4.589171,0.163142,0.330949,0.011513,3.374116,0.567615,0.579426
EDA (wrist),w_EDA_kurtosis,-1.783056,85.467717,1.752689,7.287182,-0.105897,2.362216,-1.783056,79.961676,1.622087,6.428204,-1.726223,85.467717,2.059791,8.994009
EDA (wrist),w_EDA_skewness,-3.530848,8.536934,0.146704,1.228512,0.070275,0.946406,-3.530848,8.289642,0.030533,1.190563,-2.522282,8.536934,0.41987,1.274224
EDA (wrist),w_EDA_q25,0.091241,15.556568,1.919394,2.615485,0.797948,2.243653,0.091241,8.137539,1.303685,1.688591,0.298332,15.556568,3.367196,3.641939
EDA (wrist),w_EDA_q75,0.097648,15.765406,2.006473,2.711096,0.881671,2.383574,0.097648,8.781159,1.358491,1.762667,0.311125,15.765406,3.530163,3.748289
EDA (wrist),w_EDA_iqr,0.001279,2.571902,0.087079,0.15983,0.027188,0.093361,0.001279,2.571902,0.054806,0.135534,0.002558,1.569782,0.162968,0.185197
EDA (wrist),w_EDA_rms,0.094496,15.61421,1.96474,2.661436,0.847125,2.350277,0.094496,8.415697,1.33201,1.725861,0.307006,15.61421,3.452565,3.68923
EDA (wrist),w_EDA_zcr,0.004167,0.504167,0.099035,0.100088,0.058333,0.108333,0.004167,0.504167,0.113043,0.1093,0.004167,0.391667,0.066094,0.062881
EDA (wrist),w_EDA_peak_freq,0.016667,1.816667,0.038084,0.149943,0.016667,0.0,0.016667,1.816667,0.043003,0.178282,0.016667,0.166667,0.026518,0.02126
EDA (wrist),w_EDA_spectral_energy,0.000176,218.133882,1.79419,8.956557,0.051368,0.654358,0.000176,218.133882,1.012367,8.811638,0.000556,87.365714,3.632597,9.039385
EDA (wrist),w_EDA_spectral_entropy,1.1365,6.337906,3.42932,1.159036,3.209143,1.714025,1.1365,6.337906,3.465213,1.225771,1.416636,6.101894,3.34492,0.981105
EDA (wrist),w_EDA_scl_mean,0.094423,15.614223,1.962935,2.660466,0.847819,2.35165,0.094423,8.41032,1.330955,1.724372,0.306725,15.614223,3.448995,3.689536
EDA (wrist),w_EDA_scl_std,0.00026,1.288352,0.049727,0.090008,0.01635,0.0558,0.00026,1.288352,0.033192,0.078066,0.000539,0.844302,0.088608,0.103415
EDA (wrist),w_EDA_scr_mean,-0.01961,0.025413,-0.000129,0.002136,-4.1e-05,0.00035,-0.007369,0.012772,-8.4e-05,0.000989,-0.01961,0.025413,-0.000234,0.003605
EDA (wrist),w_EDA_scr_std,0.000998,0.415431,0.02796,0.050777,0.007551,0.023639,0.000998,0.287896,0.012696,0.026011,0.001759,0.415431,0.063852,0.072281
EDA (wrist),w_EDA_scr_num_peaks,1.0,67.0,24.761678,13.882427,22.0,23.0,1.0,67.0,27.754076,14.30696,1.0,49.0,17.72524,9.713586
EDA (wrist),w_EDA_deriv_mean,-0.006879,0.016499,-9e-05,0.001265,-3.2e-05,0.000327,-0.00637,0.016499,-0.000247,0.00107,-0.006879,0.008923,0.000279,0.001575
EDA (wrist),w_EDA_deriv_std,0.001166,0.198988,0.014689,0.026179,0.004793,0.010423,0.001166,0.096859,0.007627,0.011601,0.001981,0.198988,0.031296,0.039884
TEMP (wrist),w_TEMP_mean,29.389,35.928,33.010753,1.474587,33.167667,1.749792,29.389,35.928,33.175062,1.604521,30.004083,34.458083,32.62439,1.012635
TEMP (wrist),w_TEMP_std,0.008657,0.199223,0.031835,0.026352,0.02283,0.020158,0.008657,0.199223,0.031981,0.029984,0.010947,0.080477,0.031493,0.014645
TEMP (wrist),w_TEMP_min,29.33,35.89,32.949914,1.470463,33.11,1.74,29.33,35.89,33.114497,1.601593,29.97,34.39,32.562907,1.003017
TEMP (wrist),w_TEMP_max,29.43,35.97,33.071973,1.48049,33.23,1.76,29.43,35.97,33.236522,1.609904,30.03,34.53,32.685048,1.021099
TEMP (wrist),w_TEMP_median,29.39,35.93,33.010696,1.474406,33.16,1.73,29.39,35.93,33.175007,1.604137,30.01,34.45,32.624329,1.013185
TEMP (wrist),w_TEMP_range,0.03,0.69,0.122059,0.086383,0.1,0.07,0.03,0.69,0.122024,0.098075,0.03,0.29,0.122141,0.049044
TEMP (wrist),w_TEMP_kurtosis,-1.739623,4.559162,-0.376755,0.821473,-0.541169,0.934293,-1.739623,4.559162,-0.318542,0.848982,-1.635206,4.081861,-0.513639,0.736165
TEMP (wrist),w_TEMP_skewness,-1.568286,1.38577,-0.011405,0.437127,-0.014295,0.535793,-1.568286,1.38577,-0.005527,0.453688,-1.18841,1.215661,-0.025225,0.395808
TEMP (wrist),w_TEMP_q25,29.37,35.91,32.986768,1.472223,33.15,1.745,29.37,35.91,33.150785,1.602505,29.99,34.43,32.601094,1.008972
TEMP (wrist),w_TEMP_q75,29.41,35.935,33.034967,1.477325,33.18,1.76,29.41,35.935,33.199351,1.606813,30.01,34.47,32.648427,1.017374
TEMP (wrist),w_TEMP_iqr,0.0,0.43,0.048198,0.049636,0.035,0.04,0.0,0.43,0.048567,0.056237,0.0,0.15,0.047332,0.028711
TEMP (wrist),w_TEMP_rms,29.38901,35.928004,33.010778,1.474592,33.167669,1.749791,29.38901,35.928004,33.175091,1.604526,30.004087,34.4581,32.624408,1.01264
TEMP (wrist),w_TEMP_zcr,0.004167,0.154167,0.053865,0.03288,0.054167,0.05,0.004167,0.154167,0.057597,0.033968,0.004167,0.125,0.045088,0.028336
TEMP (wrist),w_TEMP_slope,-0.002822,0.002703,-1.7e-05,0.000533,-5.8e-05,0.000431,-0.002822,0.002703,9.3e-05,0.000559,-0.001063,0.001143,-0.000274,0.000351
TEMP (wrist),w_TEMP_deriv_mean,-0.002958,0.002875,-1.5e-05,0.000504,-4.2e-05,0.000458,-0.002958,0.002875,9.4e-05,0.000521,-0.001208,0.001083,-0.000271,0.000349
TEMP (wrist),w_TEMP_deriv_std,0.00418,0.009721,0.00654,0.000904,0.006474,0.001127,0.00418,0.009721,0.006532,0.000918,0.00431,0.009701,0.006556,0.000871
ACC (wrist),w_ACC_x_mean,-64.392188,63.025521,16.780709,41.559483,35.589062,82.516667,-64.392188,63.025521,16.606305,40.623513,-63.65625,62.305729,17.19081,43.745786
ACC (wrist),w_ACC_x_std,0.0,38.076408,7.036365,6.164726,5.569649,8.485065,0.0,38.076408,7.14703,6.477881,0.060325,21.552294,6.776143,5.357434
ACC (wrist),w_ACC_x_min,-128.0,63.0,-14.915157,50.621287,-4.0,82.0,-128.0,63.0,-10.997283,46.763146,-128.0,59.0,-24.127796,57.745043
ACC (wrist),w_ACC_x_max,-55.0,127.0,47.074357,46.866285,61.0,75.0,-54.0,127.0,43.558424,44.600075,-55.0,127.0,55.341853,50.931969
ACC (wrist),w_ACC_x_median,-65.0,63.0,17.036702,42.143287,36.0,84.0,-65.0,63.0,16.807065,41.352395,-64.0,63.0,17.576677,44.010203
ACC (wrist),w_ACC_x_range,0.0,255.0,61.989514,46.533179,56.0,69.0,0.0,182.0,54.555707,38.348451,2.0,255.0,79.469649,58.069034
ACC (wrist),w_ACC_x_kurtosis,-1.998593,477.0,15.062772,34.901268,3.838045,12.953419,-1.998593,477.0,12.900737,33.654159,-1.906609,270.297859,20.139755,37.232613
ACC (wrist),w_ACC_x_skewness,-11.733191,10.411565,-0.025697,2.272634,-0.016573,1.982013,-9.572969,10.411565,-0.002749,2.237286,-11.733191,8.385802,-0.079583,2.356333
ACC (wrist),w_ACC_x_q25,-65.0,63.0,13.293136,42.593731,30.0,82.0,-65.0,63.0,12.923573,41.640697,-64.0,62.0,14.162141,44.811583
ACC (wrist),w_ACC_x_q75,-64.0,63.0,20.701621,41.692896,39.0,81.0,-64.0,63.0,20.834579,40.966918,-64.0,63.0,20.388978,43.417706
ACC (wrist),w_ACC_x_iqr,0.0,77.0,7.408484,9.927605,3.0,9.25,0.0,77.0,7.911005,10.823604,0.0,32.0,6.226837,7.285313
ACC (wrist),w_ACC_x_rms,4.955216,64.521278,43.901397,12.939914,45.633196,19.000342,4.955216,64.521278,43.139747,12.488275,12.094205,63.717026,45.692368,13.800225
ACC (wrist),w_ACC_x_zcr,0.0,0.417187,0.082632,0.085854,0.047917,0.101562,0.0,0.360417,0.054596,0.060383,0.002604,0.417187,0.148557,0.099776
ACC (wrist),w_ACC_y_mean,-59.253125,63.897917,-5.09727,27.971388,-8.092708,34.025,-58.829167,63.897917,-3.293437,25.518157,-59.253125,61.182292,-9.338871,32.685025
ACC (wrist),w_ACC_y_std,0.0,33.659325,7.113511,7.469601,4.327568,9.289973,0.0,33.659325,7.166554,7.356446,0.257641,32.355627,6.988783,7.739746
ACC (wrist),w_ACC_y_min,-109.0,60.0,-26.141087,31.139018,-27.0,45.0,-94.0,60.0,-21.815217,29.022789,-109.0,56.0,-36.313099,33.536973
ACC (wrist),w_ACC_y_max,-58.0,127.0,18.937083,35.5641,14.0,49.0,-58.0,80.0,17.418478,29.156885,-58.0,127.0,22.507987,47.19661
ACC (wrist),w_ACC_y_median,-59.0,64.0,-5.273117,29.099354,-7.0,34.0,-59.0,64.0,-3.519022,26.497484,-59.0,61.0,-9.397764,34.145814
ACC (wrist),w_ACC_y_range,0.0,209.0,45.07817,38.83442,34.0,54.0,0.0,143.0,39.233696,31.931896,2.0,209.0,58.821086,48.924523
ACC (wrist),w_ACC_y_kurtosis,-1.996833,1915.000521,15.216854,82.596451,2.643492,10.864686,-1.996833,1915.000521,15.395102,96.740895,-1.968904,323.053578,14.798283,29.600867
ACC (wrist),w_ACC_y_skewness,-30.935433,43.783565,0.244398,3.252498,0.183817,2.161383,-30.935433,43.783565,0.259571,3.532215,-10.503686,8.740826,0.208768,2.479138
ACC (wrist),w_ACC_y_q25,-60.0,64.0,-9.321735,29.065891,-10.0,37.0,-60.0,64.0,-7.506114,27.134854,-60.0,61.0,-13.591054,32.819712
ACC (wrist),w_ACC_y_q75,-59.0,64.0,-1.281697,29.350782,-4.75,33.0,-59.0,64.0,0.649117,26.741629,-59.0,62.0,-5.821885,34.344305
ACC (wrist),w_ACC_y_iqr,0.0,70.0,8.040038,13.145007,2.0,8.0,0.0,70.0,8.155231,13.184172,0.0,63.0,7.769169,13.069466
ACC (wrist),w_ACC_y_rms,0.302765,63.899221,25.199219,16.710602,21.429572,25.404904,0.302765,63.899221,23.037956,15.366033,1.373294,61.191809,30.281293,18.569129
ACC (wrist),w_ACC_y_zcr,0.0,0.441667,0.064748,0.073704,0.036979,0.088021,0.0,0.441667,0.049827,0.067684,0.000521,0.308854,0.099834,0.075464
ACC (wrist),w_ACC_z_mean,-61.502083,62.316667,10.474651,27.58743,12.682813,35.894271,-61.502083,62.316667,13.654133,29.859459,-52.723438,46.710417,2.998298,19.393453
ACC (wrist),w_ACC_z_std,0.064516,43.481732,10.367002,8.749692,8.314037,14.038574,0.064516,43.481732,10.368645,8.724712,0.415727,31.963709,10.363139,8.822174
ACC (wrist),w_ACC_z_min,-128.0,61.0,-26.448046,35.992093,-25.0,48.0,-109.0,61.0,-20.192935,31.070878,-128.0,38.0,-41.15655,42.044365
ACC (wrist),w_ACC_z_max,-60.0,127.0,45.330791,37.959729,49.0,46.0,-60.0,127.0,43.27038,36.879233,-28.0,127.0,50.175719,40.031131
ACC (wrist),w_ACC_z_median,-62.0,62.0,10.967588,29.56871,12.0,39.0,-62.0,62.0,14.131114,32.112231,-53.0,47.0,3.528754,20.697821
ACC (wrist),w_ACC_z_range,1.0,255.0,71.778837,55.42286,66.0,80.0,1.0,227.0,63.463315,44.246173,1.0,255.0,91.332268,71.82697
ACC (wrist),w_ACC_z_kurtosis,-1.95451,236.504956,8.00262,19.42308,2.17553,7.910941,-1.95451,236.504956,7.914547,20.383916,-1.836273,137.623844,8.20972,16.979409
ACC (wrist),w_ACC_z_skewness,-11.354945,13.097756,-0.299255,2.047921,-0.155247,1.93971,-11.354945,13.097756,-0.354943,2.207693,-6.728816,5.209492,-0.168308,1.606595
ACC (wrist),w_ACC_z_q25,-62.0,62.0,4.780982,29.342436,6.75,37.0,-62.0,62.0,7.847486,31.730837,-60.0,47.0,-2.429712,21.11314
ACC (wrist),w_ACC_z_q75,-61.0,63.0,16.497617,29.312028,18.0,41.0,-61.0,63.0,19.758152,31.764666,-52.0,47.0,8.830671,20.615724
ACC (wrist),w_ACC_z_iqr,0.0,92.0,11.716635,14.986825,5.0,16.0,0.0,92.0,11.910666,15.82181,0.0,56.0,11.260383,12.822854
ACC (wrist),w_ACC_z_rms,0.507239,62.318495,28.60953,15.353745,27.434059,25.513791,0.507239,62.318495,31.815222,15.762821,2.821513,53.036883,21.071545,11.192012
ACC (wrist),w_ACC_z_zcr,0.000521,0.428125,0.05666,0.06849,0.028125,0.069792,0.000521,0.428125,0.042422,0.062618,0.000521,0.342187,0.090139,0.070121
ACC (wrist),w_ACC_mag_mean,62.411287,66.663846,63.623612,0.8879,63.256667,1.440903,62.411287,65.418458,63.549832,0.753296,62.4119,66.663846,63.797101,1.126176
ACC (wrist),w_ACC_mag_std,0.0418,18.480745,2.513456,2.747559,1.702281,2.245512,0.0418,6.734675,1.720571,1.247285,0.155132,18.480745,4.377875,4.08926
ACC (wrist),w_ACC_mag_min,5.09902,63.827894,46.031695,13.053622,48.020829,17.320281,21.679483,63.827894,49.172005,9.7812,5.09902,62.233432,38.647452,16.401631
ACC (wrist),w_ACC_mag_max,63.458648,214.352513,92.020328,28.174432,83.318665,29.759713,63.458648,176.889796,84.422471,18.051475,63.56886,214.352513,109.886216,37.977857
ACC (wrist),w_ACC_mag_median,62.136946,65.753326,63.508002,0.858105,63.158531,1.508787,62.136946,65.627738,63.498453,0.792491,62.297673,65.753326,63.530455,0.996554
ACC (wrist),w_ACC_mag_range,0.141983,202.520354,45.988633,39.961282,37.222305,46.035155,0.141983,134.251785,35.250465,26.264506,1.649558,202.520354,71.238764,53.172089
ACC (wrist),w_ACC_mag_kurtosis,-1.50431,811.940778,47.553475,61.647874,29.94241,43.729928,-1.50431,811.940778,48.858976,64.663118,-0.350291,326.558647,44.483672,53.869775
ACC (wrist),w_ACC_mag_skewness,-8.786131,22.939468,1.821092,2.728164,1.315226,2.543021,-8.786131,22.939468,1.619683,2.809098,-2.231642,13.234438,2.294691,2.467852
ACC (wrist),w_ACC_mag_q25,59.245253,65.24569,63.017767,0.898923,62.841069,1.299367,61.64414,65.076878,63.156201,0.764709,59.245253,65.24569,62.692247,1.088644
ACC (wrist),w_ACC_mag_q75,62.633857,72.453433,64.032405,1.180416,63.588521,1.516472,62.633857,66.060578,63.844748,0.808755,62.769419,72.453433,64.47367,1.691465
ACC (wrist),w_ACC_mag_iqr,0.0,13.085956,1.014638,1.244015,0.73352,0.520775,0.0,3.639838,0.688547,0.415193,0.0,13.085956,1.781423,1.98783
ACC (wrist),w_ACC_mag_rms,62.412635,68.39291,63.730497,1.017667,63.317446,1.486264,62.412635,65.422445,63.585309,0.755657,62.415952,68.39291,64.071898,1.402451
ACC (wrist),w_ACC_mag_zcr,0.026562,0.530729,0.288175,0.088053,0.297917,0.114062,0.026562,0.454688,0.269634,0.082581,0.082292,0.530729,0.331774,0.085204
ACC (wrist),w_ACC_mag_peak_freq,0.016667,14.75,1.897331,2.170822,1.4,2.5,0.016667,10.633333,1.395222,1.791796,0.016667,14.75,3.078009,2.504514
ACC (wrist),w_ACC_mag_spectral_energy,1.677379,327863.271738,13303.972764,34181.560429,2781.844838,8095.883801,1.677379,43540.948708,4333.059772,5705.726219,23.101894,327863.271738,34398.515776,56671.09268
ACC (wrist),w_ACC_mag_spectral_entropy,5.433285,9.517974,8.722081,0.456128,8.813543,0.564704,5.433285,9.517974,8.714357,0.468762,7.040115,9.3379,8.740244,0.42511
